text,label
"Jokic's assist-to-turnover ratio this season (4.8) is the best ever recorded for a center. Combined with his 26/12/9 line, this is the greatest offensive season by a big man in NBA history.",analysis
"LeBron is not and has never been better than Jordan. People who say otherwise have never watched pre-2010 basketball. It's not even a debate.",hot_take
"LUKA WITH THE BUZZER BEATER ARE YOU KIDDING ME. I cannot breathe. This is the greatest game I have ever watched.",reaction
"The Celtics defensive rating in the fourth quarter this postseason is historically elite. They're holding teams to under 40% from three in crunch time.",analysis
"The Warriors dynasty is the most overrated era in NBA history. They caught lightning in a bottle and everyone acts like it was genius.",hot_take
"KD to the Suns??? I cannot process this right now. The league is cooked. What even is the NBA anymore.",reaction
"Wembanyama's block rate in his rookie year (4.4 per 36 minutes) is higher than Rudy Gobert's career peak. He is already elite defensively by every measurable metric.",analysis
"Kyrie Irving is the most overrated player of his generation. One good Finals performance does not make you a legend.",hot_take
"THE KNICKS ARE GOING TO THE SECOND ROUND. After everything. After all these years. I am actually crying.",reaction
"Steph Curry's true shooting percentage career average (63.7%) is the highest in NBA history for a primary ball handler. This is what separates him statistically.",analysis
"The NBA is soft now. Players in the 90s would have eaten this generation alive. No one wants to hear it but it's true.",hot_take
"DAME TIME IN THE PLAYOFFS. That half-court shot just ended the series. Portland Twitter is going absolutely insane right now.",reaction
"Giannis's free throw percentage (72%) is actually above league average for non-shooters when you control for his usage rate and drive frequency.",analysis
"Trae Young will never win a championship. His style of play does not translate in the playoffs. It is literally impossible.",hot_take
"I cannot believe we just traded for that guy. The front office has completely lost the plot. Season is over before it starts.",reaction
"Anthony Edwards's mid-range efficiency (45.2% this season) is remarkably close to Kevin Durant's early prime numbers in terms of shot quality and make rate.",analysis
"Zion Williamson is the biggest bust in modern NBA history. I don't care about the injuries. He is a bust. End of story.",hot_take
"Just watched Cade Cunningham's 40-point game. He is different. I don't know how else to say it. This kid is special.",reaction
"The drop in offensive rating for teams that lose their primary pick-and-roll ball handler mid-season averages 4.1 points per 100 possessions based on the last 8 seasons of data.",analysis
"Embiid is just a glorified stat-padder who disappears in big games. The numbers look great and then the playoffs come.",hot_take
"NO WAY THAT JUST HAPPENED. HOW IS THAT LEGAL. THE REFEREES NEED TO BE INVESTIGATED. I am losing my mind.",reaction
"Comparing Luka Doncic's age-24 season assist numbers to other playmakers at that age, he ranks first in assists per 36 minutes ahead of LeBron, Magic, and Stockton.",analysis
"The Nets experiment was always doomed to fail. You cannot build a team around three ball-dominant players. Anyone could have seen that.",hot_take
"The whole stadium just went completely silent. I was there. No one knew what to say. That injury was devastating to watch.",reaction
"When you adjust for pace and era, Kareem's scoring efficiency in his prime actually outpaces most modern centers despite the perception that today's players are more skilled offensively.",analysis
"Modern NBA players are spoiled and entitled and the old-school guys would never have acted like this. The league has no discipline.",hot_take
"That comeback from 20 down in the fourth quarter was the most I've ever screamed at my TV. Unbelievable. Just unbelievable.",reaction
"The correlation between 3-point attempt rate and playoff success over the last 10 seasons is 0.61, making spacing the single strongest team-level predictor of deep postseason runs.",analysis
"Point guards today could not survive one game in the physical defenses of the late 80s and early 90s. They would fall apart completely.",hot_take
"Draft night is my favorite night of the year and it did NOT disappoint. Can't wait to see what this kid does in the league.",reaction
"Jayson Tatum's usage rate spikes in the clutch while his efficiency drops from 56% TS to 49% TS. This is a documented pattern across three postseasons.",analysis
"Ben Simmons is the worst thing to happen to the Sixers franchise in a decade. Trading for him set us back five years.",hot_take
"I've been a fan for 30 years and this team finally made me proud tonight. Whatever happens next, tonight was worth it.",reaction
"Teams that switch everything defensively give up 2.3 fewer points per 100 possessions than teams that hedge, according to second-spectrum tracking from the last four seasons.",analysis
"Westbrook ruined every team he has ever been on. A walking black hole. Stats do not tell the full story of how bad he is.",hot_take
"The trade deadline just destroyed my team. I can't even look at the roster right now. This is actually brutal.",reaction
"LeBron's playoff PER of 26.1 is the highest all-time, ahead of Jordan (27.8 in the regular season but lower in the Finals on a per-possession basis).",analysis
"The MVP award has been completely devalued. It used to mean something and now it just goes to whoever had the best regular season stat line.",hot_take
"I just saw Wemby in person for the first time. The crowd was in total disbelief every time he touched the ball. Something special is happening in San Antonio.",reaction
"Ball movement in the second unit correlates strongly with wins: teams in the top third of second-unit assist ratio win 58% of their games versus 44% for the bottom third.",analysis
"Victor Wembanyama is so overhyped it is painful to watch. He has played one season. Calm down everyone.",hot_take
"GAME 7 ON MY BIRTHDAY. This is the best gift I have ever received. Let's go let's go let's go.",reaction
"Nikola Jokic's box plus-minus of +9.4 this season is the second highest recorded in the tracking era, behind only LeBron's 2009 season (+9.7).",analysis
"Kawhi Leonard is a fraud and everyone knows it. He picks and chooses when to try and GMs keep giving him max contracts.",hot_take
"I haven't slept in two days because of this playoff run and I regret absolutely nothing. This team has given me life.",reaction
"Three-point shooting off the dribble under pressure (defender within 4 feet) shows a league-wide average of 32%, meaning open catch-and-shoot attempts (39%) create an 18% efficiency gap.",analysis
"Kevin Durant is the greatest offensive player in NBA history and if you disagree you simply have not watched enough basketball.",hot_take
"They just announced the starting lineup and I am already emotional. Playoff basketball does something to your brain chemistry.",reaction
"Defensive win shares for rim protectors in the playoffs average 0.8 higher than their regular season totals, suggesting defensive impact grows when officiating tightens.",analysis
"Carmelo Anthony wasted his entire career chasing iso buckets instead of winning. Completely selfish player who never evolved.",hot_take
"That block at the buzzer is going to be in highlight reels forever. I was screaming so loud my neighbors texted me.",reaction
"Steph Curry's gravity effect on off-ball movement generates an estimated 8.2 extra open shots per game for teammates based on tracking data from the past five seasons.",analysis
"The officiating in this league is an embarrassment and everyone knows it. The refs decide outcomes and the NBA does nothing.",hot_take
"First time bringing my son to a game tonight. He is seven years old and he will remember this for the rest of his life. The Knicks won.",reaction
"Dame Lillard's late-game shooting efficiency (clutch time defined as final five minutes within five points) is 48.2% from three, the highest in the league over the last six seasons.",analysis
"Donovan Mitchell is just Trae Young with worse handles and people act like he is some elite superstar. Be serious.",hot_take
"The arena erupted like I have never heard before. It felt like the walls were shaking. I will never forget tonight.",reaction
"Teams that maintain their defensive scheme through the All-Star break show a 12% lower opponent three-point rate in the playoffs compared to teams that make mid-season adjustments.",analysis
"Paul George chokes in every important game he has ever played and the data proves it. Name one big performance. I will wait.",hot_take
"That ankle looked really bad. I can't watch. I genuinely hope he is okay. Whatever the game means, that was hard to see.",reaction
"Draymond Green's defensive footprint (based on defensive matchup data) shows he guards players 1 through 5 with nearly equal efficiency, a statistical rarity among forwards.",analysis
"Devin Booker is a product of the system and would be a fringe All-Star on a winning team. Phoenix wins in spite of him sometimes.",hot_take
"MY TEAM IS GOING TO THE FINALS. I have waited my entire adult life for this. I am a mess right now. A complete mess.",reaction
"The pace at which teams are playing (99.8 possessions per 48 minutes average this season) is the highest since the 1983-84 season, fundamentally changing how we should evaluate per-game stats.",analysis
"Ja Morant is all dunks and highlights and cannot actually lead a team anywhere meaningful. Flash over substance every single time.",hot_take
"Just got the notification on my phone and I genuinely had to sit down. That trade came out of nowhere and it changes everything.",reaction
"Joel Embiid's post-up efficiency has declined from 1.02 points per possession in 2020 to 0.89 this season, suggesting defenses have successfully scouted his pivot-foot patterns.",analysis
"The play-in tournament is a disgrace and whoever invented it should be banned from basketball. Worst idea in league history.",hot_take
"I have been watching the same thirty-second clip on repeat for an hour. That crossover was not human. What is happening.",reaction
"Bam Adebayo's pick-and-roll defense (0.71 PPP allowed, top 5 in the league) is the foundation of Miami's entire defensive identity and it scales in the playoffs.",analysis
"Draft busts are always the fault of the organization. Stop blaming the players. Teams have no idea how to develop talent anymore.",hot_take
"The second the final buzzer went off, my dad started crying. He is 62 years old. We have watched this team together since I was 6. Tonight meant everything.",reaction
"When tracking transition defense efficiency, teams with a designated back-line defender (a center who sprints back) allow 0.4 fewer fast-break points per game on average.",analysis
"Zach LaVine is a stats-first player who inflates his numbers on bad teams and disappears in meaningful games. Always has been.",hot_take
"I don't even know how to process what just happened. The comeback. The crowd. The final play. It doesn't feel real.",reaction
"The assist percentage of the second-best playmaker on championship teams averages 22.4% over the last decade, showing that secondary creation is as important as primary.",analysis
"LeBron leaving Cleveland the second time was a betrayal and he will never get credit from me no matter what he achieves.",hot_take
"That steal and dunk to win it. I have the whole thing on video and I have already watched it eleven times. ELEVEN TIMES.",reaction
"Comparing playoff net ratings for top seeds who faced 8-seeds versus 5-seeds shows a 2.1 point advantage in games against 8-seeds, suggesting seeding quality matters more than analysts assume.",analysis
"Modern big men cannot post up and it is embarrassing. The skill level for centers has completely collapsed over the last decade.",hot_take
"They called the timeout with 0.4 seconds left and somehow drew up a play that worked. My heart is not okay. It is not okay.",reaction
"Trae Young's half-court shot frequency (3.1 per game) is the highest in the league, and his accuracy on those shots (34%) exceeds league average for early shot-clock threes.",analysis
"Scottie Barnes will never be a franchise player. Nice role player, ceiling is a third option on a good team, people need to stop pretending otherwise.",hot_take
"The entire arena started chanting his name after that performance and I got complete chills. This is what basketball is for.",reaction
"Using defensive RPM as a proxy, five-man lineups with a plus-two or better defender at every position produce net ratings averaging 6.8 points higher than mixed lineups.",analysis
"The mid-range shot was killed by analytics and it has made basketball worse and more boring. Analytics ruined the aesthetics of the game.",hot_take
"Breaking news just came across my feed and I dropped my phone. This cannot be real. This cannot actually be happening.",reaction
"Domantas Sabonis's passing from the high post creates more second-chance opportunities (6.3 per game, first in the league) than any traditional center because defenses are not designed to account for it.",analysis
"Jalen Brunson is an undersized guard who will get exposed in the playoffs every year. He is a regular season player. Simple.",hot_take
"First game back after the injury and the crowd gave him a two-minute standing ovation. I started tearing up and I don't apologize for it.",reaction
"The ratio of wide-open three attempts (no defender within 6 feet) for playoff teams correlates at 0.71 with series wins, making floor spacing the most predictive factor in postseason success.",analysis
"Rudy Gobert is the most overpaid defensive player in history. You cannot win with him. The Jazz proved it. The Wolves are proving it.",hot_take
"I stayed up until 2am to watch the game and it went to triple overtime and I have to be at work at 7 and I would do it all over again.",reaction
"Second unit offensive rebounding rate is predictive of series outcomes: teams in the top quartile of offensive rebounding win 61% of playoff series versus 47% for the bottom quartile.",analysis
"Russell Westbrook triple-doubles are the most meaningless stats in basketball. He chased numbers and pretended it was winning.",hot_take
"They just announced the arena sellout for game 7 and I cannot describe what this city feels like right now. Pure electricity.",reaction
"Karl-Anthony Towns's floor-spacing creates an average of 4.1 additional post-entry passes per game for teammates because defenses cannot sag off him on the perimeter.",analysis
"The East is weak and has been weak for a decade. Any Western Conference team in the top four would win the championship playing in the East.",hot_take
"We were down eighteen points and I turned off the TV. I turned it back on five minutes later and we had cut it to six. I may never recover.",reaction
"Playoff teams in the last ten seasons that had a top-ten defensive rating in January and February won 71% of their first-round series, making early-season defense a reliable predictor of playoff performance.",analysis
"The concept of a superteam is destroying the competitive balance of this league and the players who do it should be criticized more harshly.",hot_take
"I just watched the highlights three times in a row with my roommate screaming the whole time. It is midnight and I cannot sleep.",reaction
"Contested mid-range shooting above 40% efficiency (on shots contested within 3 feet) is achieved by fewer than 8 players per season, making it the rarest and most valuable offensive skill in the modern game.",analysis
"Melo was never a winner and never will be. You can defend him statistically all you want but championships matter and he has zero.",hot_take
"It is a Tuesday night regular season game and I have been pacing around my apartment since the final minute. NBA basketball is a disease and I love it.",reaction
"The drop-off in free throw attempts between regular season and playoffs (league average down 1.4 per game) correlates with tighter officiating and predicts teams reliant on free throws will underperform.",analysis
"Clippers fans deserve to suffer. I said what I said. Years of choke jobs. I have no sympathy. Not one drop.",hot_take
"I cannot believe that just happened on the last day of the regular season. The whole playoff picture just changed with one game.",reaction
"Spacing data shows that teams with three corner-three specialists in their starting five generate 11% more points in the paint per game because corner gravity collapses weak-side help defense.",analysis
"The new generation of NBA players has no toughness. The second they face adversity they start complaining or demanding trades. Zero grit.",hot_take
"I drove four hours to watch this game and it was worth every single minute. I would drive eight hours next time. Incredible.",reaction
"Transition defense efficiency is the single most underdiscussed factor in playoff upsets: eight of the last ten first-round upsets involved the favorite ranking bottom-ten in transition defense.",analysis
"Stephen Curry's championships do not count the same as Jordan's because he never had to face a team as good as what Jordan faced. It is a different era.",hot_take
"That sequence at the end of the third quarter made an entire arena fall silent and then explode at the same time. I will never forget it.",reaction
"Perimeter defense efficiency (measured in points per possession allowed on isolation plays) shows that wing defenders who can guard 1 through 3 are 40% more likely to play 30-plus minutes in playoff series.",analysis
"Every single analyst overhyped this team and I was saying from day one they would crumble. No one listened. I was right.",hot_take
"The clock hit zero and I just sat there in complete silence for about two full minutes. I don't even know what I felt.",reaction
"Paint touch frequency in the half-court — defined as any pass entering the lane — correlates at 0.68 with offensive rating for teams that rank in the top third of that metric.",analysis
"This team has no identity, no culture, and no leadership. It has nothing. It is a collection of contracts and bad decisions.",hot_take
"Everything happened so fast. The buzzer beater, the celebration, the dog pile on the court. I was screaming and then laughing and then crying.",reaction
"Teams that allow fewer than 48 corner three attempts per game give up 2.6 fewer opponent three-point makes per game, making corner three defense the most impactful positional scheme decision.",analysis
"Demar DeRozan gets zero respect in this league and always has. He is one of the most mentally tough and skilled players of his generation.",hot_take
"I have watched this franchise for twenty-two years and tonight was the best single game I have ever witnessed. That is not hyperbole.",reaction
"The productivity drop for star players in back-to-back games averages 3.1 points and 1.4 assists per game, with efficiency declining 4.2% — a stronger effect than rest days in the regular season.",analysis
"The new CBA is ruining team building and the owners know exactly what they are doing. This is about control, not competitive balance.",hot_take
"The confetti is still falling and I am sitting courtside typing this. I have no words. I actually have no words right now.",reaction
"Rim protection efficiency (points per possession at the rim, opponent's side) correlates more strongly with playoff wins than perimeter defense across the last twelve seasons of tracking data.",analysis
"Jokic will never be as respected as he deserves because American media does not know how to cover international players. It is a structural bias.",hot_take
"My daughter asked me why I was crying and I didn't know how to explain to a seven-year-old what this team means to me.",reaction
"When you look at the top thirty most efficient half-court offenses in the last decade, twenty-three of them ranked in the top ten in off-ball screen frequency, supporting the movement-creates-efficiency thesis.",analysis
"Coach is going to get fired at the end of this season and everyone knows it. He lost the locker room in November. It has been over for months.",hot_take
"Two overtimes and the whole game decided by a free throw. I have been watching basketball for thirty years and that was something else entirely.",reaction
"Playoff teams with a usage rate disparity of more than 8 points between their best and second-best players win 43% of series, while balanced teams win 58% — suggesting over-reliance is a structural vulnerability.",analysis
"International players are celebrated more than they deserve because the media wants to seem global. American players with the same production would never get the same hype.",hot_take
"The announcement hit during my work meeting and I had to mute myself for thirty seconds to compose myself. Complete chaos in my apartment tonight.",reaction
"Bench depth predicts playoff wins more reliably in round two than round one: teams with a positive net rating from their bench win 64% of second-round series over the last eight years.",analysis
"Small ball is a fad and every team chasing it will pay for it eventually. You need size to win championships. History is clear on this.",hot_take
"I went to get water during what I thought was a dead moment in the game and I heard the entire building erupt. Never leaving my seat again.",reaction
"True shooting percentage differential (your team minus opponent) is the most reliable single-game predictor of wins, with teams having a positive TS% differential winning 77% of regular season games.",analysis
"The disrespect toward this player has been constant for four years and every single critic should be forced to publicly apologize. Every single one.",hot_take
"The whole city feels different tonight. The energy is impossible to describe. You had to be here. You had to be in it.",reaction
"Zone defense in the fourth quarter of close playoff games is used at a 21% rate by teams that are leading, compared to 9% by teams that are trailing, showing that coaches treat it as a momentum disruption tool.",analysis
"Analytics have made coaches too conservative. Nobody goes for it anymore. Nobody gambles. Every decision is made by a spreadsheet.",hot_take
"The seconds ticked down and no one in the arena moved a muscle. And then everything happened at once. What a night.",reaction
"Player-tracking data shows that off-ball movement (distance traveled without the ball) is negatively correlated with shot quality in isolation: players who move more off-ball take better shots on average.",analysis
"The NBA is a superstar league now and role players don't matter. If you don't have a top-five player on your team you're not winning anything.",hot_take
"I don't know how that ball went in. I don't think physics wanted it to go in. The basketball gods made a decision tonight.",reaction
"When you normalize for strength of schedule, teams that have a plus-five or better net rating in division games are 68% more likely to get a top-four seed than teams with an even record in division play.",analysis
"Nobody covers this team fairly. Every take you read about us is written by someone who has watched maybe ten of our games. It is maddening.",hot_take
"First playoff game at the new arena. The crowd was unlike anything I had experienced in this building in years. You could feel something was different.",reaction
"Free throw rate (FTA per FGA) above 0.35 in the playoffs predicts championship odds better than regular-season data at the same threshold, because aggressive teams get better calls in high-leverage situations.",analysis
"There is no such thing as a clutch gene. It is sample size. Any player who makes a big shot is randomly lucky. Stats prove this over and over.",hot_take
"My grandfather watched this franchise with me his entire life. He passed away two years ago. I felt him in that arena tonight. I really did.",reaction
"The league-wide decline in mid-range attempts (down 31% over the last decade) has not reduced scoring variance between teams, suggesting that shot selection optimization is reaching diminishing returns.",analysis
"College stars who flop in the NBA always had flaws that scouts missed. The draft process is broken and has been broken for twenty years.",hot_take
"I have seen this player get criticized for three straight years. Tonight he shut every single one of those people up and I was there for it.",reaction
"Corner three accuracy for catch-and-shoot specialists in playoff games averages 38.2% versus 35.6% in the regular season, the opposite of the expected pressure effect — suggesting specialists actually improve under pressure.",analysis
"The officials in this league have personal vendettas against certain players and teams. It is obvious if you watch carefully. Not conspiracy, just observation.",hot_take
"I refreshed the trade tracker so many times tonight that my phone crashed. The deadline is the most stressful night in basketball.",reaction
"Teams with a starting center averaging more than 2.5 screen assists per game generate 1.8 more open threes per game and 0.7 more points per 100 possessions from those actions specifically.",analysis
"Player empowerment is ruining franchises. Stars should honor their contracts. The whole culture has shifted in a way that punishes loyal organizations.",hot_take
"He played through that and I still can't believe it. Watched the game with ten people. The entire room went silent when we saw him walk off.",reaction
"Leverage index analysis of late-game shot selection shows that players with higher career clutch shooting percentages are more likely to have shots created for them in the final two minutes, suggesting coach trust amplifies clutch performers.",analysis
"Social media has completely ruined sports discourse. Every take is a hot take now and people have forgotten how to think critically about basketball.",hot_take
"The fourth quarter started and my hands were shaking. I'm not even kidding. My hands were shaking the entire time.",reaction
"Based on second-spectrum contested shot data, players who shoot over 35% on pull-up jumpers contested by closeouts have a measurable advantage in late-shot-clock situations over those relying on catch-and-shoot.",analysis
"The league is too focused on load management and it is insulting to fans who pay hundreds of dollars to watch their favorite player sit on the bench in street clothes.",hot_take
"That tip-in to send it to overtime made me stand straight up out of my chair at 11pm and scream. My upstairs neighbor knocked on my door. Worth it.",reaction
"Teams that rank in the top five in points off turnovers per game advance past the second round at a 67% rate, compared to 41% for teams in the bottom five, making turnover conversion the most predictive transition metric.",analysis
"International players get drafted too high every year because scouts and GMs are fascinated by the novelty. American high schoolers with the same tools get ignored.",hot_take
"I sat through three hours of playoff basketball and could not tell you one word of any conversation I had with anyone in that building.",reaction
"Pick-and-roll coverage frequency in playoff series (how often teams switch versus drop or hedge) shifts by an average of 18% from the regular season, showing that playoff coaches make large defensive adjustments that regular-season data does not predict.",analysis
"This franchise has been bad for so long that good fans have stopped showing up and the people still there don't know basketball. It's a sad state of affairs.",hot_take
"The ball went up. The ball came down. And I think I blacked out for a second. I genuinely don't remember the next thirty seconds.",reaction
"Hustle stats (deflections, loose ball recoveries, contested shots) are better predictors of second-round playoff success than any individual scoring metric, with teams in the top third of hustle rate advancing at 59% compared to 37% for the bottom third.",analysis
"The league needs to bring back hand-checking. The defensive rules changes made the game unwatchable for anyone who loves real basketball.",hot_take
"I've never seen two thousand people lose their minds simultaneously before tonight. The whole section I was sitting in was just completely unhinged.",reaction
"Lineup continuity (defined as having the same five-man unit log at least 200 minutes together by the playoffs) predicts playoff net rating more than regular-season net rating for those same lineups in 7 of the last 10 seasons.",analysis
"The MVP voters are a joke and always have been. They vote on narrative, not performance, and everyone in analytics knows it.",hot_take
"Overtime in game six and I am pacing around my living room talking to myself. My roommate moved to the other room. He understands.",reaction
"Age-adjusted scoring efficiency for players ages 21-23 shows that players who rank in the top-20 in that metric have a 74% chance of becoming All-Stars by age 26, making early efficiency a strong predictor of peak performance.",analysis
"Tanking should result in draft penalties. Teams that deliberately lose games are cheating the fans and the league and nothing has been done about it.",hot_take
"The buzzer sounded and for a full minute the crowd just kept getting louder. Nobody left. Nobody moved. We just stayed there and screamed.",reaction
"Opponent effective field goal percentage in the paint (shots within 5 feet of the basket) is the single defensive metric most correlated with playoff series wins over the last decade at r=0.72.",analysis
"These players are too focused on their brand and social media presence. In the old days players came to play basketball, not to become influencers.",hot_take
"I just need a minute. I'm sitting here after the final buzzer and I don't know if I should laugh or cry so I'm doing both.",reaction
"In back-to-back Finals matchups between the same two teams, the team that lost game one wins the series 58% of the time, suggesting first-game data is overweighted by analysts and bettors alike.",analysis
"The load management debate would end tomorrow if players were held to performance bonuses tied to games played. The incentive structure is completely wrong.",hot_take
"That shot was already in the air when the buzzer went off and I was still screaming for about forty-five seconds after it went in.",reaction
"Playoff clutch time data (final five minutes of games decided by five or fewer points) shows that stars with high usage in those moments actually become less efficient the more they are used, challenging the idea that volume usage in crunch time is optimal strategy.",analysis
"This generation of fans has never watched a real rivalry. What we have now is friendship leagues and player movement. Real rivalries require real hatred.",hot_take
"The whole crowd just started chanting his name completely unprompted and he had to take a moment at the line. I had goosebumps the entire fourth quarter.",reaction
"Off-ball screening frequency per 100 possessions correlates at 0.66 with offensive rating for teams that run more than 15 screens per game, making motion offense the most analytically defensible system for half-court efficiency.",analysis
"These young players have no respect for the veterans who built this league. They should be forced to earn their places the way players used to.",hot_take
"Final score just posted and I've been sitting in my car in the parking lot for twenty minutes just thinking. That game changed something.",reaction
"The correlation between opponent turnover rate and first-round series length shows that high-pressure defenses reduce series to five games or fewer at a 38% higher rate than passive defenses.",analysis
"Expansion teams should never be allowed to immediately compete for championships through free agency. The league structure rewards disloyalty and it needs to change.",hot_take
"I genuinely thought it was over. Twice. And then somehow it wasn't. I've never been more emotionally exhausted watching a basketball game in my entire life.",reaction
"Offensive rebound rate in the fourth quarter of playoff games is 1.7% higher than the season average for teams that are trailing, suggesting teams become more aggressive in desperate situations in a statistically measurable way.",analysis
"Every analyst who said this team couldn't compete needs to be shown this box score every single day for the rest of their careers. Just embarrassing takes all season.",hot_take
"I sat next to a kid at the game who had never seen his team win a playoff series before. He was fifteen years old and crying. I will never forget that.",reaction
